<?xml version="1.0"?>
<!DOCTYPE softwarelist SYSTEM "softwarelist.dtd">
<!--
license:CC0-1.0
-->
<softwarelist name="c128_rom" description="Commodore 128 Function ROMs">

	<software name="basic8">
		<description>BASIC 8.0: The Enhanced Graphics System for the C128</description>
		<year>1986</year>
		<publisher>Walrusoft</publisher>
		<part name="rom" interface="c128_rom">
			<dataarea name="rom" size="0x8000">
				<rom name="basic8.bin" size="0x8000" crc="d0bdd4aa" sha1="ef64b7336966167dfd624fc7acafa1179e2c52b4"/>
			</dataarea>
		</part>
	</software>

	<software name="keydos">
		<description>KeyDOS v2.3</description>
		<year>1992</year>
		<publisher>Randy Winchester</publisher>
		<part name="rom" interface="c128_rom">
			<dataarea name="rom" size="0x8000">
				<rom name="keydos.bin" size="0x8000" crc="79d84d04" sha1="ccda467d8f6c23928127e5a2fdaae964fcc946d4"/>
			</dataarea>
		</part>
		<part name="flop1" interface="floppy_5_25">
			<feature name="part_id" value="KeyDOS ROM Support Utilities and Demonstrations"/>
			<dataarea name="flop" size="174848">
				<rom name="keydos.d64" size="174848" crc="adc716d5" sha1="48c2820669b7cb5dfff7a006db18dfb39b3ef9a0"/>
			</dataarea>
		</part>
	</software>

	<software name="ramdos">
		<description>RamDOS 128 v4.5</description>
		<year>1991</year>
		<publisher>&lt;unknown&gt;</publisher>
		<part name="rom" interface="c128_rom">
			<dataarea name="rom" size="0x8000">
				<rom name="ramdos128-4.5.bin" size="0x8000" crc="c73296ce" sha1="551bb1c78d044cd67210f79c6e732fe1ce3e91ce"/>
			</dataarea>
		</part>
	</software>

	<software name="superchp">
		<description>Super Chip</description>
		<year>198?</year>
		<publisher>Utilities Unlimited</publisher>
		<part name="rom" interface="c128_rom">
			<dataarea name="rom" size="0x8000">
				<rom name="super_chip.bin" size="0x8000" crc="a66f73c5" sha1="a766997b86db5bd9b77de551f0a6da6ad159b8d3"/>
			</dataarea>
		</part>
	</software>

	<software name="superchpb" cloneof="superchp">
		<description>Super Chip B</description>
		<year>1988</year>
		<publisher>Utilities Unlimited</publisher>
		<part name="rom" interface="c128_rom">
			<dataarea name="rom" size="0x8000">
				<rom name="super_chip_b.bin" size="0x8000" crc="defb9efd" sha1="86ef9268e4d01b8d4515677d1875cd11767984ee"/>
			</dataarea>
		</part>
	</software>

	<software name="servant">
		<description>The Servant v4.84</description>
		<year>1992</year>
		<publisher>Alf H. Jonassen</publisher>
		<part name="rom" interface="c128_rom">
			<dataarea name="rom" size="0x8000">
				<rom name="servant.bin" size="0x8000" crc="f6588fb9" sha1="f13710b0ca23ac079d119f2f5703cdd763db5211"/>
			</dataarea>
		</part>
	</software>

	<software name="geos1581">
		<description>GEOS 128 v2.0 (1581)</description>
		<year>1999</year>
		<publisher>&lt;unknown&gt;</publisher>
		<part name="rom" interface="c128_rom">
			<dataarea name="rom" size="0x8000">
				<rom name="geos128am1581.bin" size="0x8000" crc="0790c2ea" sha1="3ba3902d47ac46f610dd58a1fec38fc1c0746fac"/>
			</dataarea>
		</part>
	</software>

	<software name="geos1581de" cloneof="geos1581">
		<description>GEOS 128 v2.0 (1581) (Ger)</description>
		<year>1999</year>
		<publisher>&lt;unknown&gt;</publisher>
		<part name="rom" interface="c128_rom">
			<dataarea name="rom" size="0x8000">
				<rom name="geos128ge1581.bin" size="0x8000" crc="1a60e07c" sha1="588bab588ad793b758cff26e68758065a42f15ea"/>
			</dataarea>
		</part>
	</software>

	<software name="geos128">
		<description>GEOS 128 v2.0 (1571)</description>
		<year>1999</year>
		<publisher>&lt;unknown&gt;</publisher>
		<part name="rom" interface="c128_rom">
			<dataarea name="rom" size="0x8000">
				<rom name="geos128am1571.bin" size="0x8000" crc="e438e085" sha1="23e0d7aa7f5c73d91c8759e21008044808f61496"/>
			</dataarea>
		</part>
	</software>

</softwarelist>
