<?xml version="1.0"?>
<!DOCTYPE softwarelist SYSTEM "softwarelist.dtd">
<!--
license:CC0-1.0
-->
<softwarelist name="chessking_cart" description="Chess King cartridges">

	<software name="dctionry">
		<description>Yīnghàn Zìdiǎn Dictionary</description>
		<year>1994</year>
		<publisher>I-Star Co., Ltd.</publisher>
		<info name="alt_title" value="英漢字典 Dictionary" />
		<part name="cart" interface="chessking_cart">
			<dataarea name="rom" size="0x200000">
				<rom name="et-mate_chn-dic.u1" size="0x200000" crc="9de03037" sha1="6b7d399c98ffbb6c633cbc5e18e1d6ed0a05b06e" />
			</dataarea>
		</part>
	</software>

</softwarelist>
