<?xml version="1.0"?>
<!DOCTYPE softwarelist SYSTEM "softwarelist.dtd">
<!--
license:CC0-1.0
-->

<softwarelist name="cx3000tc" description="Palson CX 3000 Tele Computer cartridges">

	<software name="paddleg">
		<description>Paddle Games</description>
		<year>19??</year>
		<publisher>Palson?</publisher>
		<info name="serial" value="No.1"/>
		<part name="cart" interface="vc4000_cart">
			<feature name="slot" value="std" />
			<dataarea name="rom" size="2048">
				<rom name="paddleg.bin" size="2048" crc="682b876a" sha1="ecc0146c40daa79a13934b8884bc8fd0f96461c1"/>
			</dataarea>
		</part>
	</software>

	<!-- Same as Voltmace Database No.10 -->
	<software name="maze">
		<description>Maze</description>
		<year>19??</year>
		<publisher>Palson?</publisher>
		<info name="serial" value="No.7"/>
		<part name="cart" interface="vc4000_cart">
			<feature name="slot" value="std" />
			<dataarea name="rom" size="2048">
				<rom name="maze.bin" size="2048" crc="683e02e1" sha1="bce01aa50ab23edd84ada7adbcfa0d624206d332"/>
			</dataarea>
		</part>
	</software>

	<!-- Same as Voltmace Database No.1 -->
	<software name="airsea">
		<description>Air-Sea Attack</description>
		<year>19??</year>
		<publisher>Palson?</publisher>
		<info name="serial" value="No.9"/>
		<part name="cart" interface="vc4000_cart">
			<feature name="slot" value="std" />
			<dataarea name="rom" size="2048">
				<rom name="airsea.bin" size="2048" crc="cb28b9fe" sha1="0b7eda063da93c03ab2c133c75d3d7fe5ad2b243"/>
			</dataarea>
		</part>
	</software>

	<software name="comecome">
		<description>Come Come</description>
		<year>19??</year>
		<publisher>Palson?</publisher>
		<info name="serial" value="No.16"/>
		<part name="cart" interface="vc4000_cart">
			<!-- to verify... -->
			<feature name="slot" value="ram1k" />
			<dataarea name="rom" size="4096">
				<rom name="comecome.bin" size="4096" crc="bd90fca7" sha1="a739e585b6e7a58295b656d81d7781f9646546ca"/>
			</dataarea>
			<dataarea name="ram" size="1024">
			</dataarea>
		</part>
	</software>

</softwarelist>
