<?xml version="1.0"?>
<!DOCTYPE softwarelist SYSTEM "softwarelist.dtd">
<!--
license:CC0-1.0

Generic software list for the Epson HX-20, PX-4 and PX-8 systems
-->

<softwarelist name="epson_cpm" description="Epson CPM systems floppy disks">

	<!-- This disk is used to boot the intelligent TF-20 floppy drive -->

	<software name="tf20boot">
		<description>TF-20 boot disk</description>
		<year>198?</year>
		<publisher>Epson</publisher>
		<part name="flop1" interface="floppy_5_25">
			<feature name="part_id" value="TF-20 boot disk" />
			<dataarea name="flop" size="35124">
				<rom name="tf20boot.td0" size="35124" crc="806311eb" sha1="b67433746ed5ab84be06003f850846565e19f44c"/>
			</dataarea>
		</part>
	</software>

	<!-- The following disks are part of the vfloppy distribution -->

	<software name="arcs">
		<description>Archivers</description>
		<year>????</year>
		<publisher>&lt;unofficial&gt;</publisher>
		<part name="flop1" interface="floppy_5_25">
			<feature name="part_id" value="Archivers" />
			<dataarea name="flop" size="348848">
				<rom name="arcs.d88" size="348848" crc="ab56993a" sha1="1e7c0512bea0adf9673527c5976497531837e8a3"/>
			</dataarea>
		</part>
	</software>

	<software name="editor">
		<description>VDE 2.66</description>
		<year>????</year>
		<publisher>&lt;unofficial&gt;</publisher>
		<part name="flop1" interface="floppy_5_25">
			<feature name="part_id" value="VDE 2.66" />
			<dataarea name="flop" size="348848">
				<rom name="editor.d88" size="348848" crc="871d30ce" sha1="4f0d8342e7d92ba78fd922f0a2e13b2724a921df"/>
			</dataarea>
		</part>
	</software>

	<software name="extrauti">
		<description>Extra Utilities</description>
		<year>????</year>
		<publisher>&lt;unofficial&gt;</publisher>
		<part name="flop1" interface="floppy_5_25">
			<feature name="part_id" value="Extra Utilities" />
			<dataarea name="flop" size="348848">
				<rom name="extrautil.d88" size="348848" crc="baaeb509" sha1="bc339742cc6d087c11b8aae010311473edfdf734"/>
			</dataarea>
		</part>
	</software>

	<software name="modems">
		<description>Modem Sample &amp; M80 &amp; L80</description>
		<year>????</year>
		<publisher>&lt;unofficial&gt;</publisher>
		<part name="flop1" interface="floppy_5_25">
			<feature name="part_id" value="Modem Sample &amp; M80 &amp; L80" />
			<dataarea name="flop" size="348848">
				<rom name="ms_m80_l80.d88" size="348848" crc="7af5815a" sha1="4e7bf6a4f7d5ac66ab432ec0e2760e265a53f72d"/>
			</dataarea>
		</part>
	</software>

	<software name="promprog">
		<description>PROM Progs</description>
		<year>????</year>
		<publisher>&lt;unofficial&gt;</publisher>
		<part name="flop1" interface="floppy_5_25">
			<feature name="part_id" value="PROM Progs" />
			<dataarea name="flop" size="348848">
				<rom name="promprogs.d88" size="348848" crc="1cc048fc" sha1="6cbd0f9c1c36bca213accf9da9b0a69896c9a88a"/>
			</dataarea>
		</part>
	</software>

	<software name="px4util1">
		<description>PX-4 Utils</description>
		<year>????</year>
		<publisher>&lt;unofficial&gt;</publisher>
		<part name="flop1" interface="floppy_5_25">
			<feature name="part_id" value="PX-4 Utils" />
			<dataarea name="flop" size="348848">
				<rom name="px4util.d88" size="348848" crc="f39d899d" sha1="c2e8051116d87e090025c41a260a85fb46b86b10"/>
			</dataarea>
		</part>
	</software>

	<software name="px4util2">
		<description>PX-4 Utility Disk</description>
		<year>????</year>
		<publisher>&lt;unofficial&gt;</publisher>
		<part name="flop1" interface="floppy_5_25">
			<feature name="part_id" value="PX-4 Utility Disk" />
			<dataarea name="flop" size="348848">
				<rom name="px4utilitydisk.d88" size="348848" crc="df17aae8" sha1="4be08583c079f092db95bdad2abf693639e439b9"/>
			</dataarea>
		</part>
	</software>

	<software name="px4util3">
		<description>PX-4 Utility Disk 2</description>
		<year>????</year>
		<publisher>&lt;unofficial&gt;</publisher>
		<part name="flop1" interface="floppy_5_25">
			<feature name="part_id" value="PX-4 Utility Disk 2" />
			<dataarea name="flop" size="348848">
				<rom name="px4utils.d88" size="348848" crc="93320c5f" sha1="a256f500bafab4e6eba7031e05267dc6cb39a64e"/>
			</dataarea>
		</part>
	</software>

	<software name="px4wand">
		<description>PX-4 Wanderer</description>
		<year>????</year>
		<publisher>&lt;unofficial&gt;</publisher>
		<part name="flop1" interface="floppy_5_25">
			<feature name="part_id" value="PX-4 Wanderer" />
			<dataarea name="flop" size="348848">
				<rom name="px4wand.d88" size="348848" crc="1ab716cc" sha1="4f6a83476b76f1dc42f38b3c6cd0835181b523e3"/>
			</dataarea>
		</part>
	</software>

	<software name="px8epstf">
		<description>PX-8 EPS (TF-20 bootdisk)</description>
		<year>????</year>
		<publisher>&lt;unofficial&gt;</publisher>
		<part name="flop1" interface="floppy_5_25">
			<feature name="part_id" value="PX-8 EPS (TF-20 bootdisk)" />
			<dataarea name="flop" size="348848">
				<rom name="px8_eps-tf20.d88" size="348848" crc="ed627d6e" sha1="eee223a63235ef6fa311527f0c961d003ca669f0"/>
			</dataarea>
		</part>
	</software>

	<software name="px8games">
		<description>PX-8 Games</description>
		<year>????</year>
		<publisher>&lt;unofficial&gt;</publisher>
		<part name="flop1" interface="floppy_5_25">
			<feature name="part_id" value="PX-8 Games" />
			<dataarea name="flop" size="348848">
				<rom name="px8games.d88" size="348848" crc="c724e5df" sha1="a0bfc9af1f4fcd6949f9b667ea49879284d94ba2"/>
			</dataarea>
		</part>
	</software>

	<software name="scratch">
		<description>Scratch</description>
		<year>????</year>
		<publisher>&lt;unofficial&gt;</publisher>
		<part name="flop1" interface="floppy_5_25">
			<feature name="part_id" value="Scratch" />
			<dataarea name="flop" size="348848">
				<rom name="scratch.d88" size="348848" crc="163fc594" sha1="ae2451d9226ff1a69db5f78f1101f60735ae2789"/>
			</dataarea>
		</part>
	</software>

</softwarelist>
