<?xml version="1.0"?>
<!DOCTYPE softwarelist SYSTEM "softwarelist.dtd">
<!--
license:CC0-1.0

Titles, serial #s, publishers and release dates taken from:
  - Oh!FM-7 ( http://retropc.net/fm-7/ )


    Some FM-7 and FM-77AV applications can span multiple disk images, and will often be found as one file
    comprised of multiple images concatenated together.  MAME does not support this, so with those images you'll
    need to split the images into separate files.  This software list assumes that there is only one image per file.
-->

<softwarelist name="fm77av" description="Fujitsu FM-77AV disk images">

	<software name="4thunit2">
		<description>The 4th Unit 2</description>
		<year>1988</year>
		<publisher>データウエスト (Data West)</publisher>
		<info name="alt_title" value="第４のユニット２"/>
		<part name="flop1" interface="floppy_5_25">
			<feature name="part_id" value="Disk A" />
			<dataarea name="flop" size="1080873">
				<rom name="the_4th_unit_2_disk_a.mfm" size="1080873" crc="f741b323" sha1="70b9e200b61c02e13f67ef3c1b35c051fd511b49" offset="0"/>
			</dataarea>
		</part>
		<part name="flop2" interface="floppy_5_25">
			<feature name="part_id" value="Disk B" />
			<dataarea name="flop" size="1081109">
				<rom name="the_4th_unit_2_disk_b.mfm" size="1081109" crc="d9d8c06e" sha1="26a498a8840ce78216628e9d0b8364d0c8d390c0" offset="0"/>
			</dataarea>
		</part>
		<part name="flop3" interface="floppy_5_25">
			<feature name="part_id" value="Disk C" />
			<dataarea name="flop" size="1083157">
				<rom name="the_4th_unit_2_disk_c.mfm" size="1083157" crc="5193b780" sha1="0df535b079a03929b84ca4f1e9c4c35a82033aa5" offset="0"/>
			</dataarea>
		</part>
	</software>

<!-- the alt set with crcs 63033bba and b1511bd6 only differs for d77 headers, but data in the disks are identical -->
	<software name="9gyokudn">
		<description>Ku Gyoku Den</description>
		<year>1986</year>
		<publisher>テクノソフト (TecnoSoft)</publisher>
		<info name="serial" value="FUTJ-19002"/>
		<info name="release" value="198610xx"/>
		<info name="alt_title" value="九玉伝"/>
		<part name="flop1" interface="floppy_5_25">
			<dataarea name="flop" size="416688">
				<rom name="9gyokuden_a.d77" size="416688" crc="c3757455" sha1="dcf9d2422daa7920d91c26171dd0334e65cf15f8"/>
			</dataarea>
		</part>
		<part name="flop2" interface="floppy_5_25">
			<dataarea name="flop" size="416688">
				<rom name="9gyokuden_b.d77" size="416688" crc="d34cd804" sha1="a39338e29255c7fe8b60a1b43f8fd9500e76fb7a"/>
			</dataarea>
		</part>
	</software>

	<software name="9gyokudna" cloneof="9gyokudn">
		<description>Ku Gyoku Den (Alt Disk 1)</description>
		<year>1986</year>
		<publisher>テクノソフト (TecnoSoft)</publisher>
		<info name="serial" value="FUTJ-19002"/>
		<info name="release" value="198610xx"/>
		<info name="alt_title" value="九玉伝"/>
		<part name="flop1" interface="floppy_5_25">
			<dataarea name="flop" size="416688">
				<rom name="kugyokuden (1986)(tecno soft)(jp) (disk 1).d77" size="416688" crc="98160ebc" sha1="06933c513916a89888be7a67c45752cef5e9e7e6"/>
			</dataarea>
		</part>
		<part name="flop2" interface="floppy_5_25">
			<dataarea name="flop" size="416688">
				<rom name="9gyokuden_b.d77" size="416688" crc="d34cd804" sha1="a39338e29255c7fe8b60a1b43f8fd9500e76fb7a"/>
			</dataarea>
		</part>
	</software>

	<software name="amnork">
		<description>Amnork</description>
		<year>1986</year>
		<publisher>アスキー (ASCII)</publisher>
		<info name="serial" value="2019501"/>
		<info name="release" value="198611xx"/>
		<info name="alt_title" value="アムノーク"/>
		<part name="flop1" interface="floppy_5_25">
			<dataarea name="flop" size="348848">
				<rom name="amnork (1986)(ascii)(jp).d77" size="348848" crc="f3f71308" sha1="a5091d43926919e95105c688829ffb53518ead76" offset="0"/>
			</dataarea>
		</part>
	</software>

	<software name="argo">
		<description>Argo</description>
		<year>1988</year>
		<publisher>呉ソフトウェア工房 (Kure Software Koubou)</publisher>
		<info name="alt_title" value="アルゴー"/>
		<part name="flop1" interface="floppy_5_25">
			<dataarea name="flop" size="348576">
				<rom name="argo_a.d77" size="348576" crc="a16e0351" sha1="38502279d0db666f8aa73fde34a7b1557141d3d6"/>
			</dataarea>
		</part>
		<part name="flop2" interface="floppy_5_25">
			<dataarea name="flop" size="348848">
				<rom name="argo_b.d77" size="348848" crc="0c380a2d" sha1="37582d8cb4562711537ba2e9c06e9827b250a4ca"/>
			</dataarea>
		</part>
	</software>

<!-- the alt set with crcs 21fc2e80 and 22ecff45 only differs for d77 headers, but data in the disks are identical -->
	<software name="daiva" supported="no">
		<description>Daiva Story 2: Memory in Durga</description>
		<year>1987</year>
		<publisher>T&amp;E Soft</publisher>
		<info name="serial" value="TEM-74"/>
		<info name="release" value="198702xx"/>
		<info name="alt_title" value="ディーヴァ ストーリー2·ドゥルガーの記憶"/>
		<part name="flop1" interface="floppy_5_25">
			<dataarea name="flop" size="348848">
				<rom name="daiva_a.d77" size="348848" crc="80e45da2" sha1="576741ef1cf5f4821634414bfe4ffa4904e4904a"/>
			</dataarea>
		</part>
		<part name="flop2" interface="floppy_5_25">
			<dataarea name="flop" size="348848">
				<rom name="daiva_b.d77" size="348848" crc="83f48c67" sha1="e182bc6186a185de89acc492ccdb69eb42a30dea"/>
			</dataarea>
		</part>
	</software>

<!-- According to Oh!FM-7 the game was released for the 77AV in 3.5" disks... does this change anything in the format? -->
<!-- the alt set with crcs 9937fd56 and c84c5dac only differs for d77 headers, but data in the disks are identical -->
	<software name="dforce" supported="no">
		<description>Death Force</description>
		<year>1987</year>
		<publisher>リバーヒルソフト (Riverhill Software)</publisher>
		<info name="serial" value="FURH-19001"/>
		<info name="alt_title" value="デスフォース"/>
		<part name="flop1" interface="floppy_5_25">
			<dataarea name="flop" size="392880">
				<rom name="dforce1.d77" size="392880" crc="968512c6" sha1="fe7fe9bec16949a4f24cbdb7b1e842c743d4688d"/>
			</dataarea>
		</part>
		<part name="flop2" interface="floppy_5_25">
			<dataarea name="flop" size="473776">
				<rom name="user disk.d77" size="473776" crc="0e342f31" sha1="32a5a85b36b646da6f9e8bbd48b9e27d2bd1857c"/>
			</dataarea>
		</part>
		<part name="flop3" interface="floppy_5_25">
			<dataarea name="flop" size="392880">
				<rom name="dforce2.d77" size="392880" crc="c7feb23c" sha1="fb5a25c736c20a2dd0ba3ac2be488612c7017855"/>
			</dataarea>
		</part>
	</software>

	<software name="dforest">
		<description>Deep Forest</description>
		<year>1987</year>
		<publisher>ザインソフト (Xain Soft)</publisher>
		<info name="release" value="198705xx"/>
		<info name="alt_title" value="ディープフォレスト"/>
		<part name="flop1" interface="floppy_5_25">
			<feature name="part_id" value="Disk A" />
			<dataarea name="flop" size="1118866">
				<rom name="deep_forest_disk_a.mfm" size="1118866" crc="4eba4d10" sha1="ee18846cba07e38de307e270041d742b99d4d587"/>
			</dataarea>
		</part>
		<part name="flop2" interface="floppy_5_25">
			<feature name="part_id" value="Disk B" />
			<dataarea name="flop" size="1118341">
				<rom name="deep_forest_disk_b.mfm" size="1118341" crc="61df8f31" sha1="e2208d466d3c6b1fefa52d248d851a971b90c5bf"/>
			</dataarea>
		</part>
	</software>

	<software name="dforestc" cloneof="dforest">
		<description>Deep Forest (cracked)</description>
		<year>1987</year>
		<publisher>ザインソフト (Xain Soft)</publisher>
		<info name="release" value="198705xx"/>
		<info name="alt_title" value="ディープフォレスト"/>
		<part name="flop1" interface="floppy_5_25">
			<feature name="part_id" value="Disk A" />
			<dataarea name="flop" size="348848">
				<rom name="dforst_a.d77" size="348848" crc="3077a74a" sha1="88a8d8e0dd189612356ae80b70d2d1e4448e0a5f"/>
			</dataarea>
		</part>
		<part name="flop2" interface="floppy_5_25">
			<feature name="part_id" value="Disk B" />
			<dataarea name="flop" size="348848">
				<rom name="dforst_b.d77" size="348848" crc="1f7ffa3f" sha1="cfa6d67a16bb7b0ceb5f260bba9ed2772eeb33df"/>
			</dataarea>
		</part>
	</software>

	<software name="megamit">
		<description>Digital Devil Monogatari - Megami Tensei</description>
		<year>1987</year>
		<publisher>日本テレネット (Nihon Telenet)</publisher>
		<info name="release" value="198709xx"/>
		<info name="alt_title" value="デジタルデビル物語 女神転生"/>
		<!--combined image-->
		<!--rom name="megami tensei (1987)(telenet)(jp).d77" size="832528" crc="aaccf4ed" sha1="d836d6d90870741142bc4e5b01f37d2d5540d5fc" offset="0"/-->

		<part name="flop1" interface="floppy_5_25">
			<dataarea name="flop" size="415840">
				<rom name="megami tensei (disk 1).d77" size="415840" crc="d5893caa" sha1="fbb2c717e0070404714612fc52626a72e2b6fc5b" offset="0"/>
			</dataarea>
		</part>

		<part name="flop2" interface="floppy_5_25">
			<dataarea name="flop" size="416688">
				<rom name="megami tensei (disk 2).d77" size="416688" crc="566efd18" sha1="f64f01cc2e3b4ca4ff97ba88d87881ff586c7179" offset="0"/>
			</dataarea>
		</part>
	</software>

	<software name="dbuster">
		<description>Dragon Buster</description>
		<year>1987</year>
		<publisher>電波新聞社 (Dempa Shinbunsha)</publisher>
		<info name="serial" value="DP-3301212"/>
		<info name="alt_title" value="ドラゴンバスター"/>
		<part name="flop1" interface="floppy_5_25">
			<dataarea name="flop" size="348848">
				<rom name="drabus.d77" size="348848" crc="6100e7f0" sha1="4671fadc689cb3e0c708119082f0db083d260232"/>
			</dataarea>
		</part>
	</software>

	<software name="dbustera" cloneof="dbuster">
		<description>Dragon Buster (Alt)</description>
		<year>1987</year>
		<publisher>電波新聞社 (Dempa Shinbunsha)</publisher>
		<info name="serial" value="DP-3301212"/>
		<info name="alt_title" value="ドラゴンバスター"/>
		<part name="flop1" interface="floppy_5_25">
			<dataarea name="flop" size="348848">
				<rom name="dragon buster (1987)(dempa)(jp).d77" size="348848" crc="24edc828" sha1="f6e584d4ede1016eb3167c2acb47b259c59301f0" offset="0"/>
			</dataarea>
		</part>
	</software>

	<software name="druaga">
		<description>The Tower of Druaga</description>
		<year>1986</year>
		<publisher>電波新聞社 (Dempa Shinbunsha)</publisher>
		<info name="serial" value="DP-3301207"/>
		<info name="alt_title" value="ドルアーガノトウ"/>
		<part name="flop1" interface="floppy_5_25">
			<dataarea name="flop" size="348848">
				<rom name="druaga.d77" size="348848" crc="2d5e1a08" sha1="c6cdcf38ca98514c96dab84eed22ed8cb277c54b"/>
			</dataarea>
		</part>
	</software>

	<!-- doesn't boot, loads first sector, and jumps into the text at the beginning of it -->
	<software name="dsenraku" supported="no">
		<description>Dsenryaku</description>
		<year>19??</year>
		<publisher>&lt;Unknown&gt;</publisher>
		<part name="flop1" interface="floppy_5_25">
			<dataarea name="flop" size="348848">
				<rom name="dsenryaku.d77" size="348848" crc="35f02f75" sha1="f590c7f2d3d1b602274bef5e1992babf4acfebc3"/>
			</dataarea>
		</part>
	</software>

	<software name="fireball">
		<description>Fireball</description>
		<year>1987</year>
		<publisher>ハミングバードソフト (Humming Bird Soft)</publisher>
		<info name="serial" value="12130"/>
		<part name="flop1" interface="floppy_5_25">
			<dataarea name="flop" size="348848">
				<rom name="fireball.d77" size="348848" crc="40562d43" sha1="1bf32a4ec4600ce9ba9ebdc8233311ed08dc8f52"/>
			</dataarea>
		</part>
	</software>

	<software name="hotdog">
		<description>Hotdog</description>
		<year>1986</year>
		<publisher>ボーステック (Bothtec)</publisher>
		<info name="serial" value="SD-7512"/>
		<info name="alt_title" value="ホットドッグ"/>
		<part name="flop1" interface="floppy_5_25">
			<dataarea name="flop" size="364976">
				<rom name="hotdog.d77" size="364976" crc="4e63fa35" sha1="6f094715edbe60edbb091e3b5f8bcbf6e019be6c"/>
			</dataarea>
		</part>
	</software>

	<software name="jesus">
		<description>Jesus</description>
		<year>1987</year>
		<publisher>エニックス (Enix)</publisher>
		<info name="serial" value="E-G195"/>
		<info name="release" value="198707xx"/>
		<info name="alt_title" value="ジーザス"/>
		<!--combined image-->
		<!--rom name="jesus (1987)(enix)(jp).d77" size="1044640" crc="279e91a7" sha1="8c9e3dc85920b7ae5d53d266f5ae04990f48fd81" offset="0"/-->

		<part name="flop1" interface="floppy_5_25">
			<dataarea name="flop" size="346944">
				<rom name="jesus (disk 1).d77" size="346944" crc="2d07dd03" sha1="874fad7b117429ffd2e2bbed3e11ccb1d0188ab6" offset="0"/>
			</dataarea>
		</part>

		<part name="flop2" interface="floppy_5_25">
			<dataarea name="flop" size="348848">
				<rom name="jesus (disk 2).d77" size="348848" crc="cb32cf13" sha1="7c3181f98ee90c9f78367244a7c3849fa7fe8238" offset="0"/>
			</dataarea>
		</part>

		<part name="flop3" interface="floppy_5_25">
			<dataarea name="flop" size="348848">
				<rom name="jesus (disk 3).d77" size="348848" crc="94a49af2" sha1="cafdc7f89cb5084e8edd15a6f1c122b783e6895f" offset="0"/>
			</dataarea>
		</part>
	</software>

	<software name="kohakuir">
		<description>Kohakuiro no Yuigon - Seiyou Karuta Renzoku Satsujin Jiken</description>
		<year>1988</year>
		<publisher>リバーヒルソフト (Riverhill Software)</publisher>
		<info name="release" value="198811xx"/>
		<info name="alt_title" value="琥珀色の遺言"/>
		<part name="flop1" interface="floppy_5_25">
			<dataarea name="flop" size="473776">
				<rom name="kohaku1d.d77" size="473776" crc="3778278b" sha1="ee61c6756bd6a882056c8123e56491de3e7681cb"/>
			</dataarea>
		</part>
		<part name="flop2" interface="floppy_5_25">
			<dataarea name="flop" size="473776">
				<rom name="kohaku2d.d77" size="473776" crc="029f9afe" sha1="0810835a6e9cf3774c66e2f5081d9a4ad435e948"/>
			</dataarea>
		</part>
		<part name="flop3" interface="floppy_5_25">
			<dataarea name="flop" size="473776">
				<rom name="kohaku3d.d77" size="473776" crc="a2dce416" sha1="14259104d2a023876becd09b461c9a7cd512506e"/>
			</dataarea>
		</part>
		<part name="flop4" interface="floppy_5_25">
			<dataarea name="flop" size="473776">
				<rom name="kohaku4d.d77" size="473776" crc="a317b71d" sha1="c45ea740ce2138b15e5ff2db4e1282539809cdc0"/>
			</dataarea>
		</part>
	</software>

	<software name="kohakuira" cloneof="kohakuir">
		<description>Kohakuiro no Yuigon - Seiyou Karuta Renzoku Satsujin Jiken (original?)</description>
		<year>1988</year>
		<publisher>リバーヒルソフト (Riverhill Software)</publisher>
		<info name="release" value="198811xx"/>
		<info name="alt_title" value="琥珀色の遺言"/>
		<part name="flop1" interface="floppy_5_25">
			<dataarea name="flop" size="416384">
				<rom name="k1.d77" size="416384" crc="00e0c527" sha1="7017440ad4f2eb09e0d036905dca010bfb31aff0"/>
			</dataarea>
		</part>
		<part name="flop2" interface="floppy_5_25">
			<dataarea name="flop" size="416688">
				<rom name="k2.d77" size="416688" crc="cc35b1d0" sha1="622a69b1156849d9d6c3f4965bbf0949d41b5c36"/>
			</dataarea>
		</part>
		<part name="flop3" interface="floppy_5_25">
			<dataarea name="flop" size="416688">
				<rom name="k3.d77" size="416688" crc="a98a8b0c" sha1="1b9b521f4b2ec79fa3e28a2c7d16d8d776f0684b"/>
			</dataarea>
		</part>
		<part name="flop4" interface="floppy_5_25">
			<dataarea name="flop" size="416688">
				<rom name="k4.d77" size="416688" crc="c03f7ff5" sha1="8fd07d1fa49e6b07b02175ed63e7d08b11c15d16"/>
			</dataarea>
		</part>
	</software>

	<software name="laydock">
		<description>Laydock</description>
		<year>1986</year>
		<publisher>T&amp;E Soft</publisher>
		<info name="serial" value="TEM-66"/>
		<info name="release" value="198611xx"/>
		<info name="alt_title" value="レイドック"/>
		<part name="flop1" interface="floppy_5_25">
			<dataarea name="flop" size="414992">
				<rom name="laydock1.d77" size="414992" crc="32cc60c2" sha1="d6949201ddbf624586c1169a4fddef086d4cb8dc"/>
			</dataarea>
		</part>
		<part name="flop2" interface="floppy_5_25">
			<dataarea name="flop" size="122544">
				<rom name="laydock2.d77" size="122544" crc="ad50c9ae" sha1="c930a37e4e7d283799c0693f8fd8ba787cee93af"/>
			</dataarea>
		</part>
	</software>

	<software name="laydocka" cloneof="laydock">
		<description>Laydock (Alt)</description>
		<year>1986</year>
		<publisher>T&amp;E Soft</publisher>
		<info name="serial" value="TEM-66"/>
		<info name="release" value="198611xx"/>
		<info name="alt_title" value="レイドック"/>
		<part name="flop1" interface="floppy_5_25">
			<dataarea name="flop" size="416048">
				<rom name="laydocka1.d77" size="416048" crc="3b53877e" sha1="e2f3579fe93622a74fb07d0b8d2cd7bfb2b39132"/>
			</dataarea>
		</part>
		<part name="flop2" interface="floppy_5_25">
			<dataarea name="flop" size="122544">
				<rom name="laydocka2.d77" size="122544" crc="93ec6454" sha1="cae77215f6acf7d47d0b914f148c4f4f4fc804fa"/>
			</dataarea>
		</part>
	</software>

	<software name="laydockb" cloneof="laydock">
		<description>Laydock (Alt 2)</description>
		<year>1986</year>
		<publisher>T&amp;E Soft</publisher>
		<info name="serial" value="TEM-66"/>
		<info name="release" value="198611xx"/>
		<info name="alt_title" value="レイドック"/>
		<!--combined image-->
		<!--rom name="laydock (1986)(t&amp;e)(jp).d77" size="538592" crc="60fc8306" sha1="65f73297d0ee4f07ec5f513eef54dfbc1d3a5094" offset="0"/-->

		<part name="flop1" interface="floppy_5_25">
			<dataarea name="flop" size="416048">
				<rom name="laydock (disk 1).d77" size="416048" crc="3b53877e" sha1="e2f3579fe93622a74fb07d0b8d2cd7bfb2b39132"/>
			</dataarea>
		</part>
		<part name="flop2" interface="floppy_5_25">
			<dataarea name="flop" size="122544">
				<rom name="laydock (disk 2).d77" size="122544" crc="cdc8d21d" sha1="ce4f3e5b4601afc2882ce2abc55d08e41048dc8d"/>
			</dataarea>
		</part>
	</software>

	<software name="luxsor">
		<description>Luxsor</description>
		<year>1987</year>
		<publisher>日本テレネット (Nihon Telenet)</publisher>
		<info name="release" value="198712xx"/>
		<info name="alt_title" value="ルクソール"/>
		<part name="flop1" interface="floppy_5_25">
			<dataarea name="flop" size="416688">
				<rom name="luxsor_1.d77" size="416688" crc="360d26f1" sha1="86fba737fc65fbcb5960c8e475108065c7791b34"/>
			</dataarea>
		</part>
		<part name="flop2" interface="floppy_5_25">
			<dataarea name="flop" size="416688">
				<rom name="luxsor_2.d77" size="416688" crc="45c71456" sha1="393e8d419778000058982ad04bd72f17e37349a2"/>
			</dataarea>
		</part>
	</software>

	<software name="mjkyojs">
		<description>Mahjong Kyo Jidai Special</description>
		<year>1988</year>
		<publisher>マイクロネット (Micronet)</publisher>
		<info name="release" value="198809xx"/>
		<info name="alt_title" value="麻雀狂時代スペシャル"/>
		<!--combined image-->
		<!--rom name="mah-jongg kyo jidai special (1988)(micro net)(jp).d77" size="829136" crc="e638b5d9" sha1="379d9d90f909740aa58815ef6f0705642f3ef7f0" offset="0"/-->

		<part name="flop1" interface="floppy_5_25">
			<dataarea name="flop" size="412448">
				<rom name="mah-jongg kyo jidai special (disk 1).d77" size="412448" crc="ecec6676" sha1="428d07e6f417729005b2dd477969697dbdbb681d" offset="0"/>
			</dataarea>
		</part>

		<part name="flop2" interface="floppy_5_25">
			<dataarea name="flop" size="416688">
				<rom name="mah-jongg kyo jidai special (disk 2).d77" size="416688" crc="f29c3bea" sha1="5e03eac26e1c65a960951eeae7a5782939ccc71a" offset="0"/>
			</dataarea>
		</part>
	</software>

	<software name="metalx" supported="no">
		<description>Metal X</description>
		<year>1990</year>
		<publisher>FMサークル事務局 (FM Circle Jimukyoku)</publisher>
		<info name="release" value="199008xx"/>
		<info name="alt_title" value="メタルエックス"/>
		<part name="flop1" interface="floppy_5_25">
			<dataarea name="flop" size="473776">
				<rom name="metalx.d77" size="473776" crc="5f93cd68" sha1="a651931d03fbb018187fd0f851e6e1ae3c6b4fd4"/>
			</dataarea>
		</part>
	</software>

	<software name="mike">
		<description>Shonen Mike no Hitori Tabi</description>
		<year>1986</year>
		<publisher>日本ソフトバンク (Nihon SoftBank)</publisher>
		<info name="serial" value="FUJE-19002"/>
		<info name="alt_title" value="少年マイクのひとり旅"/>
		<part name="flop1" interface="floppy_5_25">
			<dataarea name="flop" size="348848">
				<rom name="mike.d77" size="348848" crc="4ba9d06d" sha1="70eefd207ca9d146534c7d8f295b941415f5f9ec"/>
			</dataarea>
		</part>
	</software>

	<software name="mightmag">
		<description>Might and Magic</description>
		<year>1987</year>
		<publisher>スタークラフト (Starcraft)</publisher>
		<info name="release" value="198712xx"/>
		<info name="alt_title" value="マイトアンドマジック"/>
		<part name="flop1" interface="floppy_5_25">
			<dataarea name="flop" size="348848">
				<rom name="mm1_a.d77" size="348848" crc="40f89403" sha1="a474db8952f91443ebaf79957cca0237d7d58e36"/>
			</dataarea>
		</part>
		<part name="flop2" interface="floppy_5_25">
			<dataarea name="flop" size="348848">
				<rom name="mm1_b.d77" size="348848" crc="e14992f6" sha1="ce71077fb63ffef1fd47107a4f481c8d4fa083f7"/>
			</dataarea>
		</part>
		<part name="flop3" interface="floppy_5_25">
			<dataarea name="flop" size="348848">
				<rom name="mm1_c.d77" size="348848" crc="ff56dedb" sha1="05cedbbd313659246e65b3311e71aa2594213609"/>
			</dataarea>
		</part>
		<part name="flop4" interface="floppy_5_25">
			<dataarea name="flop" size="348848">
				<rom name="mm1_d.d77" size="348848" crc="f2b3dfb0" sha1="f448cecfca9dc88e72a71f9784f5216c822f74ca"/>
			</dataarea>
		</part>
	</software>

	<software name="mightmaga" cloneof="mightmag">
		<description>Might and Magic (Alt Disk 1)</description>
		<year>1987</year>
		<publisher>スタークラフト (Starcraft)</publisher>
		<info name="release" value="198712xx"/>
		<info name="alt_title" value="マイトアンドマジック"/>
		<part name="flop1" interface="floppy_5_25">
			<dataarea name="flop" size="348848">
				<rom name="might and magic (1987)(star craft)(jp) (disk 1).d77" size="348848" crc="bd47a2aa" sha1="ab3de776f3bc2b0282698a3d81ff18447ae0601c"/>
			</dataarea>
		</part>
		<part name="flop2" interface="floppy_5_25">
			<dataarea name="flop" size="348848">
				<rom name="mm1_b.d77" size="348848" crc="e14992f6" sha1="ce71077fb63ffef1fd47107a4f481c8d4fa083f7"/>
			</dataarea>
		</part>
		<part name="flop3" interface="floppy_5_25">
			<dataarea name="flop" size="348848">
				<rom name="mm1_c.d77" size="348848" crc="ff56dedb" sha1="05cedbbd313659246e65b3311e71aa2594213609"/>
			</dataarea>
		</part>
		<part name="flop4" interface="floppy_5_25">
			<dataarea name="flop" size="348848">
				<rom name="mm1_d.d77" size="348848" crc="f2b3dfb0" sha1="f448cecfca9dc88e72a71f9784f5216c822f74ca"/>
			</dataarea>
		</part>
	</software>

	<software name="mightmagb" cloneof="mightmag">
		<description>Might and Magic (Alt 2)</description>
		<year>1987</year>
		<publisher>スタークラフト (Starcraft)</publisher>
		<info name="release" value="198712xx"/>
		<info name="alt_title" value="マイトアンドマジック"/>
		<part name="flop1" interface="floppy_5_25">
			<dataarea name="flop" size="473776">
				<rom name="m&amp;m_dska.d77" size="473776" crc="6573514c" sha1="bf1c2dae90cf4960da85333ce6c61220c0481d03" offset="000000"/>
			</dataarea>
		</part>
		<part name="flop2" interface="floppy_5_25">
			<dataarea name="flop" size="473776">
				<rom name="m&amp;m_dskb.d77" size="473776" crc="17c0d40d" sha1="60f7140f9ac819a39302aa321ecdf2894523945a" offset="000000"/>
			</dataarea>
		</part>
		<part name="flop3" interface="floppy_5_25">
			<dataarea name="flop" size="473776">
				<rom name="m&amp;m_dskc.d77" size="473776" crc="e7288721" sha1="ed37f1f3ef6fae2e17caec67e6abbef0702a192d" offset="000000"/>
			</dataarea>
		</part>
		<part name="flop4" interface="floppy_5_25">
			<dataarea name="flop" size="473776">
				<rom name="m&amp;m_dskd.d77" size="473776" crc="1efc568b" sha1="5496d24e7b880df24a2a2d440ebe21f142edc8c3" offset="000000"/>
			</dataarea>
		</part>
	</software>

	<software name="valis">
		<description>Mugen Senshi Valis</description>
		<year>1987</year>
		<publisher>日本テレネット (Nihon Telenet)</publisher>
		<info name="release" value="198706xx"/>
		<info name="alt_title" value="夢幻戦士ヴァリス"/>
		<!--combined image-->
		<!--rom name="mugen sensi valis (1987)(telenet)(jp).d77" size="831408" crc="a2ef12ee" sha1="a9cfc21ebb9e7d1132c1841b0d80a7734ecfe2d9" offset="0"/-->

		<part name="flop1" interface="floppy_5_25">
			<dataarea name="flop" size="415840">
				<rom name="mugen senshi valis (disk 1).d77" size="415840" crc="b01c3dff" sha1="f2a968336d22ed0a66142dcafbeb79b1c9f8f580" offset="0"/>
			</dataarea>
		</part>

		<part name="flop2" interface="floppy_5_25">
			<dataarea name="flop" size="415568">
				<rom name="mugen senshi valis (disk 2).d77" size="415568" crc="9db26724" sha1="b8891ade07d745542abb840ea576e08b1d40c94e" offset="0"/>
			</dataarea>
		</part>
	</software>

	<software name="nobuzenk">
		<description>Nobunaga no Yabou - Zenkokuban</description>
		<year>1987?</year>
		<publisher>光栄 (Koei)</publisher>
		<info name="serial" value="FUKN19002"/>
		<info name="alt_title" value="信長の野望全国版"/>
		<part name="flop1" interface="floppy_5_25">
			<dataarea name="flop" size="380848">
				<rom name="nobunaga_a.d77" size="380848" crc="32dff63d" sha1="9127dfcd4b42fc40581e32ceed1ce9d40c9c380b"/>
			</dataarea>
		</part>
		<part name="flop2" interface="floppy_5_25">
			<dataarea name="flop" size="380848">
				<rom name="nobunaga_b.d77" size="380848" crc="432bc7ec" sha1="5d6acbc2c1e1833167057f0d0f1298ca7417f16f"/>
			</dataarea>
		</part>
	</software>

	<software name="proyakfn">
<!-- Keys listed in readme:
キー操作/ 1P/ テンキー:方向 "_"キー:Aボタン ":"キー:Bボタン
     2P/ Rキー:↑ Vキー:↓ Gキー:→ Dキー:←
     F1～F5:各種コマンド
     操作の要領は基本的にファミスタ準拠 -->
		<description>Pro Yakyu Fan</description>
		<year>1988</year>
		<publisher>日本テレネット (Nihon Telenet)</publisher>
		<info name="release" value="198803xx"/>
		<info name="alt_title" value="プロ野球ファン"/>
		<part name="flop1" interface="floppy_5_25">
			<dataarea name="flop" size="416688">
				<rom name="probbfan_a.d77" size="416688" crc="be418ab5" sha1="10c250261fcd2e7a92d23338f3759f826da16f59"/>
			</dataarea>
		</part>
		<part name="flop2" interface="floppy_5_25">
			<dataarea name="flop" size="416688">
				<rom name="probbfan_b.d77" size="416688" crc="ae64088e" sha1="56f40ebc9c640f6608e235ce1adf4900b5e35d63"/>
			</dataarea>
		</part>
	</software>

	<software name="psyoblad">
		<description>Psy-O-Blade</description>
		<year>1988</year>
		<publisher>T&amp;E Soft</publisher>
		<info name="release" value="198812xx"/>
		<info name="alt_title" value="サイオブレード"/>
		<!--combined image-->
		<!--rom name="psy-o-blade (1988)(t&amp;e soft)(jp).d77" size="2014832" crc="0dc4de0a" sha1="41d216cf1925a6b7ec7c26bc759911b6573eebfe" offset="0"/-->

		<part name="flop1" interface="floppy_5_25">
			<dataarea name="flop" size="392368">
				<rom name="psy-o-blade (disk 1).d77" size="392368" crc="8358c090" sha1="481d597ad71aa2ebf2277f9754b5ea2d916f7788" offset="0"/>
			</dataarea>
		</part>

		<part name="flop2" interface="floppy_5_25">
			<dataarea name="flop" size="394272">
				<rom name="psy-o-blade (disk 2).d77" size="394272" crc="c4d450e9" sha1="3de83973a355a12b19fce0377e1e1b60b2a67b1a" offset="0"/>
			</dataarea>
		</part>

		<part name="flop3" interface="floppy_5_25">
			<dataarea name="flop" size="420000">
				<rom name="psy-o-blade (disk 3).d77" size="420000" crc="460950ae" sha1="605b86a2393a66f6ff00305a196f64c43eb6a4df" offset="0"/>
			</dataarea>
		</part>

		<part name="flop4" interface="floppy_5_25">
			<dataarea name="flop" size="399088">
				<rom name="psy-o-blade (disk 4).d77" size="399088" crc="10593f27" sha1="1f8919398f2560aba894d40bd5559ba8b87d8aef" offset="0"/>
			</dataarea>
		</part>

		<part name="flop5" interface="floppy_5_25">
			<dataarea name="flop" size="398896">
				<rom name="psy-o-blade (disk 5).d77" size="398896" crc="cbbecc02" sha1="04bc4ba428623983ccb943f98e4d16b0c057c3a2" offset="0"/>
			</dataarea>
		</part>

		<!-- what is this? -->
		<part name="flop6" interface="floppy_5_25">
			<dataarea name="flop" size="10208">
				<rom name="psy-o-blade (disk 6).d77" size="10208" crc="f12070dc" sha1="54e0feebe1b3939389cc40a941e3562650d2461a" offset="0"/>
			</dataarea>
		</part>
	</software>

	<software name="psyoblada" cloneof="psyoblad">
		<description>Psy-O-Blade (Alt)</description>
		<year>1988</year>
		<publisher>T&amp;E Soft</publisher>
		<info name="release" value="198812xx"/>
		<info name="alt_title" value="サイオブレード"/>

		<part name="flop1" interface="floppy_5_25">
			<feature name="part_id" value="Program" />
			<dataarea name="flop" size="392368">
				<rom name="psy-o-blade_prg.d77" size="392368" crc="83ae5479" sha1="c163bed2cb12102b060a6bef7070cf6666d08698" offset="0"/>
			</dataarea>
		</part>

		<part name="flop2" interface="floppy_5_25">
			<dataarea name="flop" size="392368">
				<rom name="psy-o-blade_a.d77" size="392368" crc="bf9a4fbc" sha1="110c2e30364ae7fce824dca9d959d8b27f0633b0" offset="0"/>
			</dataarea>
		</part>

		<part name="flop3" interface="floppy_5_25">
			<dataarea name="flop" size="392368">
				<rom name="psy-o-blade_b.d77" size="392368" crc="4f080ee3" sha1="d10c214cbd5fae8a8f5e4e7671f8940b8c9e7f09" offset="0"/>
			</dataarea>
		</part>

		<part name="flop4" interface="floppy_5_25">
			<dataarea name="flop" size="392368">
				<rom name="psy-o-blade_c.d77" size="392368" crc="c7f27e62" sha1="70d7d29a6eb2a315321865b98eb1273e4976a26a" offset="0"/>
			</dataarea>
		</part>

		<part name="flop5" interface="floppy_5_25">
			<dataarea name="flop" size="392368">
				<rom name="psy-o-blade_d.d77" size="392368" crc="487c163c" sha1="1d763245b4a3d784a5b2abdffc86b459abea39be" offset="0"/>
			</dataarea>
		</part>
	</software>

	<software name="ruin">
		<description>Ruin</description>
		<year>1987</year>
		<publisher>ウインキーソフト (Winky Soft)</publisher>
		<info name="serial" value="KO-1028(FUWS19001)"/>
		<part name="flop1" interface="floppy_5_25">
			<dataarea name="flop" size="348848">
				<rom name="ruin_a.d77" size="348848" crc="67ce97b8" sha1="0034e0a4999b92f548abc52607cd1b75bcc4f6c9"/>
			</dataarea>
		</part>
		<part name="flop2" interface="floppy_5_25">
			<dataarea name="flop" size="348848">
				<rom name="ruin_b.d77" size="348848" crc="45bdccc2" sha1="86baec6e7febc31d99ce1b71193a1b6dae21b0c8"/>
			</dataarea>
		</part>
	</software>

	<software name="seles">
		<description>Seles</description>
		<year>1990</year>
		<publisher>アスキー (ASCII)</publisher>
		<info name="alt_title" value="セレス"/>
		<part name="flop1" interface="floppy_5_25">
			<dataarea name="flop" size="348848">
				<rom name="seles_a.d77" size="348848" crc="b75dc08f" sha1="ab085cafa1fd4c0ab0f0ff93301abce5ffda334d"/>
			</dataarea>
		</part>
		<part name="flop2" interface="floppy_5_25">
			<dataarea name="flop" size="348848">
				<rom name="seles_b.d77" size="348848" crc="b7646c75" sha1="47b9f46b2506e05457569cfdd3d63794206849d3"/>
			</dataarea>
		</part>
	</software>

	<software name="selesa" cloneof="seles">
		<description>Seles (Alt Disk 2)</description>
		<year>1990</year>
		<publisher>アスキー (ASCII)</publisher>
		<info name="alt_title" value="セレス"/>
		<!--combined image-->
		<!--rom name="seles (1990)(ascii)(jp).d77" size="697696" crc="1e6cb186" sha1="50b8e31b8e3d5065dda58706bf4abbd7c7192133" offset="0"/-->

		<part name="flop1" interface="floppy_5_25">
			<dataarea name="flop" size="348848">
				<rom name="seles (disc a).d77" size="348848" crc="b75dc08f" sha1="ab085cafa1fd4c0ab0f0ff93301abce5ffda334d"/>
			</dataarea>
		</part>
		<part name="flop2" interface="floppy_5_25">
			<dataarea name="flop" size="348848">
				<rom name="seles (disc b).d77" size="348848" crc="77abb3c5" sha1="b409c7ffde557c392ef7648781b8d0b001b9391d"/>
			</dataarea>
		</part>
	</software>

	<software name="sharrier">
		<description>Space Harrier</description>
		<year>1987</year>
		<publisher>電波新聞社 (Dempa Shinbunsha)</publisher>
		<info name="serial" value="DP-3301213"/>
		<info name="alt_title" value="スペースハリアー"/>
		<part name="flop1" interface="floppy_5_25">
			<dataarea name="flop" size="348848">
				<rom name="sharriera.d77" size="348848" crc="2d6741dc" sha1="29e7a71293f3587a66fae9181480e32c06279498"/>
			</dataarea>
		</part>
		<part name="flop2" interface="floppy_5_25">
			<dataarea name="flop" size="348848">
				<rom name="sharrierb.d77" size="348848" crc="3d40877f" sha1="8f86abf2fc8f2f92546939c843c6f8a1f4c311cd"/>
			</dataarea>
		</part>
	</software>

	<software name="silpheed">
		<description>Silpheed</description>
		<year>1988</year>
		<publisher>ゲームアーツ (Game Arts)</publisher>
		<info name="serial" value="GA8CF3"/>
		<info name="release" value="198803xx"/>
		<info name="alt_title" value="シルフィード"/>
		<part name="flop1" interface="floppy_5_25">
			<dataarea name="flop" size="348848">    <!-- Data CRC16: 28788 -->
				<rom name="sil_a.d77" size="348848" crc="3233658c" sha1="0594a90a0462a6324f929cc2ec9d5788f496b248"/>
			</dataarea>
		</part>
		<part name="flop2" interface="floppy_5_25">
			<dataarea name="flop" size="348848">    <!-- Data CRC16: 39767 -->
				<rom name="sil_b.d77" size="348848" crc="4b298065" sha1="63e8c73165d6e871e5da413ec7606ad7724186a2"/>
			</dataarea>
		</part>
	</software>

<!-- Disk 1 only differs in the d77 header -->
	<software name="silpheeda" cloneof="silpheed">
		<description>Silpheed (Alt Disk 2)</description>
		<year>1988</year>
		<publisher>ゲームアーツ (Game Arts)</publisher>
		<info name="serial" value="GA8CF3"/>
		<info name="release" value="198803xx"/>
		<info name="alt_title" value="シルフィード"/>
		<!--combined image-->
		<!--rom name="silpheed (1988)(game arts)(jp).d77" size="697696" crc="dc3394b4" sha1="f08fa8346180ecf6ebfca0da1ad19a559a1ef3f6" offset="0"/-->

		<part name="flop1" interface="floppy_5_25">
			<dataarea name="flop" size="348848">    <!-- Data CRC16: 28788 -->
				<rom name="silpheed (disk 1).d77" size="348848" crc="fa446a5a" sha1="4da0ba7dad37e6698c71535c55c3b44c4fb80d69"/>
			</dataarea>
		</part>
		<part name="flop2" interface="floppy_5_25">
			<dataarea name="flop" size="348848">    <!-- Data CRC16: 48335 -->
				<rom name="silpheed (disk 2).d77" size="348848" crc="1fdaa3d7" sha1="456548ab6ae7a1acd1a6c59d8912345c2c6d0e63"/>
			</dataarea>
		</part>
	</software>

	<software name="skapon">
		<description>Skapon Tanken-tai</description>
		<year>1988?</year>
		<publisher>パソコンショップ高知 (PSK)</publisher>
		<info name="alt_title" value="SKAPON探険隊"/>
		<part name="flop1" interface="floppy_5_25">
			<dataarea name="flop" size="348848">
				<rom name="disk1.d77" size="348848" crc="c85aa607" sha1="40fbb2a0521068a05bb7202d2217056dcf5a9c13" offset="0" />
			</dataarea>
		</part>
		<!-- Disk 2 is the same as the FM7 version? -->
		<part name="flop2" interface="floppy_5_25">
			<dataarea name="flop" size="348848">
				<rom name="skapon7 disk2.d77" size="348848" crc="14482165" sha1="513ab8965e2fe02264089cdbefc2da74c122dbd4" offset="0" />
			</dataarea>
		</part>
		<part name="flop3" interface="floppy_5_25">
			<dataarea name="flop" size="348848">
				<rom name="disk3.d77" size="348848" crc="d7f8e84f" sha1="e068551cba5da6eb9677d35a10296d320d8ac6ea" offset="0" />
			</dataarea>
		</part>
	</software>

	<software name="tetris">
		<description>Tetris</description>
		<year>1988</year>
		<publisher>B·P·S (Bullet-Proof Software)</publisher>
		<info name="release" value="198811xx"/>
		<info name="alt_title" value="テトリス"/>
		<part name="flop1" interface="floppy_5_25">
			<dataarea name="flop" size="473776">
				<rom name="tetris (1988)(bps)(jp).d77" size="473776" crc="d20a12fb" sha1="f6ea48495e7d5b6d0851ac8dc6134777e1edc440" offset="0"/>
			</dataarea>
		</part>
	</software>

	<software name="tetrisa" cloneof="tetris">
		<description>Tetris (Alt)</description>
		<year>1988</year>
		<publisher>B·P·S (Bullet-Proof Software)</publisher>
		<info name="release" value="198811xx"/>
		<info name="alt_title" value="テトリス"/>
		<part name="flop1" interface="floppy_5_25">
			<dataarea name="flop" size="347168">
				<rom name="tetrisav.d77" size="347168" crc="86ab277e" sha1="c85a8cbdb05ca0472e5dce0887a5d52d62b96e9f" offset="0" />
			</dataarea>
		</part>
	</software>

	<software name="uruseiya">
		<description>Urusei Yatsura</description>
		<year>1987</year>
		<publisher>マイクロキャビン (Micro Cabin)</publisher>
		<info name="release" value="198712xx"/>
		<info name="alt_title" value="うる星やつら"/>
		<!--combined image-->
		<!--rom name="urusei yatura (1987)(micro cabin)(jp).d77" size="1618368" crc="07a6d4b2" sha1="da6d7c2cd13150985031aa42fb35e14364562b6c" offset="0"/-->

		<part name="flop1" interface="floppy_5_25">
			<feature name="part_id" value="Disk 1" />
			<dataarea name="flop" size="382896">
				<rom name="urusei yatsura (disk 1).d77" size="382896" crc="101117bb" sha1="1c523cce67a8f3afa1a1d5199ccf51e17745be92" offset="0"/>
			</dataarea>
		</part>

		<part name="flop2" interface="floppy_5_25">
			<feature name="part_id" value="Disk 2" />
			<dataarea name="flop" size="380848">
				<rom name="urusei yatsura (disk 2).d77" size="380848" crc="425e0f44" sha1="b8072a47336e08ff58e9f6135b9aebbf0994b16e" offset="0"/>
			</dataarea>
		</part>

		<part name="flop3" interface="floppy_5_25">
			<feature name="part_id" value="Disk 3" />
			<dataarea name="flop" size="380848">
				<rom name="urusei yatsura (disk 3).d77" size="380848" crc="1fb0f1c0" sha1="625868c5ec5774c45b5faca9a3dc9809980c1e00" offset="0"/>
			</dataarea>
		</part>

		<part name="flop4" interface="floppy_5_25">
			<feature name="part_id" value="Default?" />
			<dataarea name="flop" size="473776">
				<rom name="urusei yatsura (default).d77" size="473776" crc="a9e0a66d" sha1="7fab2b724025e0174e1ae6f27e19dbb413cc1ec2" offset="0"/>
			</dataarea>
		</part>
	</software>

	<software name="woodypoc">
		<description>Woody Poco</description>
		<year>1987</year>
		<publisher>デービーソフト (dB-Soft)</publisher>
		<info name="serial" value="FUDF-19002 (F06-G5116-P1)"/>
		<info name="alt_title" value="うっでぃぽこ"/>
		<!--combined image-->
		<!--rom name="woody poco (1987)(db-soft)(jp).d77" size="697696" crc="8f8464b0" sha1="25a1882c20f08ec349448ecb021fa24adf348a77" offset="0"/-->

		<part name="flop1" interface="floppy_5_25">
			<dataarea name="flop" size="348848">
				<rom name="woody poco (disk 1).d77" size="348848" crc="b8d7abe6" sha1="74c02c0da9b9ed7ba16750242b2771685ebb214f" offset="0"/>
			</dataarea>
		</part>

		<part name="flop2" interface="floppy_5_25">
			<dataarea name="flop" size="348848">
				<rom name="woody poco (disk 2).d77" size="348848" crc="d5b8ef32" sha1="ae2b75699aa42c5e5222bc2cce6adecbae9ab099" offset="0"/>
			</dataarea>
		</part>
	</software>

	<software name="worldgl2">
		<description>World Golf II</description>
		<year>1987</year>
		<publisher>エニックス (Enix)</publisher>
		<info name="serial" value="E-G203"/>
		<info name="release" value="198710xx"/>
		<info name="alt_title" value="ワールドゴルフ2"/>
		<!--combined image-->
		<!--rom name="world golf ii (1987)(enix)(jp).d77" size="697696" crc="a9693ac3" sha1="038a711add7c9e4c5120ead813e4d83391647e40" offset="0"/-->

		<part name="flop1" interface="floppy_5_25">
			<dataarea name="flop" size="348848">
				<rom name="world golf ii (disk 1).d77" size="348848" crc="e1c3afe2" sha1="2a37f4f4020144b5e86b950783fadc20f1f401a7" offset="0"/>
			</dataarea>
		</part>

		<part name="flop2" interface="floppy_5_25">
			<dataarea name="flop" size="348848">
				<rom name="world golf ii (disk 2).d77" size="348848" crc="54929a3f" sha1="e7af322070b9c367aea441fbbb6430bc87bc0572" offset="0"/>
			</dataarea>
		</part>
	</software>

	<software name="yaminoiy">
		<description>Yami no Iyo Densetsu</description>
		<year>1989</year>
		<publisher>HOT・B</publisher>
		<info name="release" value="198908xx"/>
		<info name="alt_title" value="闇の壱与伝説"/>
		<!--combined image-->
		<!--rom name="yami no iyo densetsu (1989)(hot b)(jp).d77" size="985536" crc="5ab2bd0e" sha1="f0a222c275c0a36f7823e0181fda1ad494d8cc53" offset="0"/-->

		<part name="flop1" interface="floppy_5_25">
			<dataarea name="flop" size="348576">
				<rom name="yami no iyo densetsu (disk 1).d77" size="348576" crc="22ef1340" sha1="d0f25223334de819b273e855016e7f6f1af6c00b" offset="0"/>
			</dataarea>
		</part>

		<part name="flop2" interface="floppy_5_25">
			<dataarea name="flop" size="348576">
				<rom name="yami no iyo densetsu (disk 2).d77" size="348576" crc="330e2bab" sha1="19e05c2737cea975de64011da40162f2fb2167b3" offset="0"/>
			</dataarea>
		</part>

		<part name="flop3" interface="floppy_5_25">
			<dataarea name="flop" size="288384">
				<rom name="yami no iyo densetsu (disk 3).d77" size="288384" crc="9a1e2efe" sha1="9b772c64eda51d045168e4c978ac27b952e38a57" offset="0"/>
			</dataarea>
		</part>
	</software>

<!-- the alt set with crcs cdb1c25a and a9dce60d only differs for d77 headers, but data in the disks are identical -->
	<software name="ys">
		<description>Ys - Ancient Ys Vanished Omen</description>
		<year>1987</year>
		<publisher>日本ファルコム (Nihon Falcom)</publisher>
		<info name="serial" value="FUNW19001"/>
		<info name="release" value="198710xx"/>
		<info name="alt_title" value="イース"/>
		<part name="flop1" interface="floppy_5_25">
			<dataarea name="flop" size="415840">
				<rom name="ys_ap.d77" size="415840" crc="d6f7544d" sha1="cc9686d21a765215130128bc94b544d73c4065dc"/>
			</dataarea>
		</part>
		<part name="flop2" interface="floppy_5_25">
			<dataarea name="flop" size="415840">
				<rom name="ys_bp.d77" size="415840" crc="289bc187" sha1="98fdc648d2e1efafe013b8ca0d76cc97a1259b3b"/>
			</dataarea>
		</part>
		<part name="flop3" interface="floppy_5_25">
			<feature name="part_id" value="User Disk" />
			<dataarea name="flop" size="473776">
				<rom name="user disk.d77" size="473776" crc="fb765059" sha1="063931647b798085e3c1033ad1c4913678df6d17" offset="0"/>
			</dataarea>
		</part>
	</software>

	<software name="ys2">
		<description>Ys II - Ancient Ys Vanished The Final Chapter</description>
		<year>1988</year>
		<publisher>日本ファルコム (Nihon Falcom)</publisher>
		<info name="serial" value="FVNW19002"/>
		<info name="release" value="198807xx"/>
		<info name="alt_title" value="イース2"/>
		<!--combined image-->
		<!--rom name="ys 2 (1988)(falcom).d77" size="1895520" crc="95862e02" sha1="6eb7ccb810d3d24dc01602a94fdd7fba43b553e6" offset="0"/-->

		<part name="flop1" interface="floppy_5_25">
			<dataarea name="flop" size="589520">
				<rom name="ys 2 (disk 1).d77" size="589520" crc="90039c2d" sha1="9fb918b5bd69abaa6c3b31a64a800638accf5dfc" offset="0"/>
			</dataarea>
		</part>

		<part name="flop2" interface="floppy_5_25">
			<dataarea name="flop" size="473776">
				<rom name="ys 2 (disk 2).d77" size="473776" crc="54e875a4" sha1="a58415aba1da7300b5bfabf33dbbceec72d249ed" offset="0"/>
			</dataarea>
		</part>

		<part name="flop3" interface="floppy_5_25">
			<dataarea name="flop" size="416112">
				<rom name="ys 2 (disk 3).d77" size="416112" crc="e96f6240" sha1="b1eed6f3a21e4d304e61212a31922331c95b539e" offset="0"/>
			</dataarea>
		</part>

		<part name="flop4" interface="floppy_5_25">
			<dataarea name="flop" size="416112">
				<rom name="ys 2 (disk 4).d77" size="416112" crc="e68509d0" sha1="465c555df02d4e944e7f73ba32829c238e319469" offset="0"/>
			</dataarea>
		</part>
	</software>


	<software name="inthedrm">
		<description>Tabibito no Gakufu - Yume no Nakani... In the Dream</description>
		<year>1990</year>
		<publisher>&lt;doujin&gt;</publisher>
		<info name="developer" value="Team AB" />
		<info name="alt_title" value="旅人の楽譜"/>

		<part name="flop1" interface="floppy_5_25">
			<feature name="part_id" value="Disk 1" />
			<dataarea name="flop" size="348848">
				<rom name="in the dream (disk 1).d77" size="348848" crc="d68a7c27" sha1="e7894b5266a99102d242ad73ac3f32620007bd42" offset="0"/>
			</dataarea>
		</part>

		<part name="flop2" interface="floppy_5_25">
			<feature name="part_id" value="Disk 2" />
			<dataarea name="flop" size="348848">
				<rom name="in the dream (disk 2).d77" size="348848" crc="dcaac17f" sha1="ccb1ca64bc12283a5ebeaf47750afbb713a9508e" offset="0"/>
			</dataarea>
		</part>
	</software>

	<software name="littlbox">
		<description>Tabibito no Gakufu 2 - Little Box</description>
		<year>1993</year>
		<publisher>&lt;doujin&gt;</publisher>
		<info name="developer" value="Team AB" />
		<info name="alt_title" value="旅人の楽譜2"/>

		<part name="flop1" interface="floppy_5_25">
			<feature name="part_id" value="Disk 1" />
			<dataarea name="flop" size="348848">
				<rom name="little box (disk 1).d77" size="348848" crc="2c5915ca" sha1="50ac2d734d0e966b2ef3135d545cd6e95c8db306" offset="0"/>
			</dataarea>
		</part>

		<part name="flop2" interface="floppy_5_25">
			<feature name="part_id" value="Disk 2" />
			<dataarea name="flop" size="348848">
				<rom name="little box (disk 2).d77" size="348848" crc="a93e1cfc" sha1="94abaf862db049223ef7cd20d2cfbb56d860b28b" offset="0"/>
			</dataarea>
		</part>
	</software>


<!-- Misc -->

	<software name="pacris" supported="partial">
		<description>Pacris</description>
		<year>19??</year>
		<publisher>&lt;unknown&gt;</publisher>
		<info name="usage" value="Load F-BASIC first, then LOADM &quot;CALLEB&quot; and RUN &quot;MAIN&quot;"/>
		<part name="flop1" interface="floppy_5_25">
			<dataarea name="flop" size="473776">
				<rom name="pacris.d77" size="473776" crc="caf9666a" sha1="895446e7622c02362429fe43cfa7e119cf5d5b66"/>
			</dataarea>
		</part>
	</software>


<!-- FM-77AV Demo program -->
	<software name="avdemo" supported="no">
		<description>FM-77AV Demo</description>
		<year>19??</year>
		<publisher>富士通 (Fujitsu)</publisher>
		<part name="flop1" interface="floppy_5_25">
			<dataarea name="flop" size="353200">
				<rom name="77avdemo.d77" size="353200" crc="7046810d" sha1="116a422147107943c0d378e99923cb14cd31a13f"/>
			</dataarea>
		</part>
	</software>

	<software name="avdemoa" cloneof="avdemo" supported="no">
		<description>FM-77AV Demo (Alt?)</description>
		<year>19??</year>
		<publisher>富士通 (Fujitsu)</publisher>
		<part name="flop1" interface="floppy_5_25">
			<dataarea name="flop" size="353200">
				<rom name="fm77av demo (1985)(fujitsu)(jp).d77" size="353200" crc="58087f4a" sha1="b9099d6a250fcd4bba5e8d541efea4c839aaf18c" offset="0"/>
			</dataarea>
		</part>
	</software>

	<!-- boot OK, detects wrong kind of input in keyboard tests -->
	<!-- hangs at option 4 -> 2 with offset screen GFXs -->
	<!-- hangs at the VT-100 / NIFTY-Serve screen (option 5 -> 3, is it even fixable?) -->
	<software name="nyumon20" supported="no">
		<description>FM-77AV/20EX Nyumon Disk</description>
		<year>198?</year>
		<publisher>富士通 (Fujitsu)</publisher>
		<part name="flop1" interface="floppy_5_25">
			<dataarea name="flop" size="697008">
				<rom name="fm77av20ex nyuumon disk.d77" size="697008" crc="9b7b7023" sha1="fea12a96442e9cf6c19e5fec33bc941700505a3d" offset="0"/>
			</dataarea>
		</part>
	</software>

	<software name="nyumond" supported="no">
		<description>FM-77AV/40SX Nyumon Disk</description>
		<year>1988</year>
		<publisher>富士通 (Fujitsu)</publisher>
		<info name="alt_title" value="入門DISK"/>
		<part name="flop1" interface="floppy_5_25">
			<dataarea name="flop" size="701360">
				<rom name="nyumon disk.d77" size="701360" crc="afae2446" sha1="89fa7ee1fccdd38be3131cffe12924e4d5d65477" offset="0"/>
			</dataarea>
		</part>
	</software>

	<software name="fb_33l10">
		<description>F-BASIC V3.3L10</description>
		<year>1985?</year>
		<publisher>富士通 (Fujitsu)</publisher>
		<part name="flop1" interface="floppy_5_25">
			<dataarea name="flop" size="353200">
				<rom name="v33l10.d77" size="353200" crc="1f99c170" sha1="e404c28d343b3b891916a5eedabb6be2924852e6" offset="0"/>
			</dataarea>
		</part>
	</software>

	<software name="fb_33l11">
		<description>F-BASIC V3.3L11</description>
		<year>1986?</year>
		<publisher>富士通 (Fujitsu)</publisher>
		<part name="flop1" interface="floppy_5_25">
			<dataarea name="flop" size="348848">
				<rom name="v33l11.d77" size="348848" crc="d5d8393a" sha1="14b97869f650e913bceea91f02b428768ae7afc6"/>
			</dataarea>
		</part>
	</software>

	<!-- main menu seems offset, 4th option hangs at a Y/N prompt -->
	<software name="fb_33l30" supported="no">
		<description>F-BASIC V3.3L30</description>
		<year>1987</year>
		<publisher>富士通 (Fujitsu)</publisher>
		<info name="usage" value="Requires FM-77AV40SX"/>
		<part name="flop1" interface="floppy_5_25">
			<dataarea name="flop" size="697008">
				<rom name="fb33l30.d77" size="697008" crc="c91eb78e" sha1="99c7be95daa3df716dbe180c45c508fa1c0c4b28" offset="0"/>
			</dataarea>
		</part>
	</software>

	<software name="fb_34l21">
		<description>F-BASIC V3.4L21</description>
		<year>1988</year>
		<publisher>富士通 (Fujitsu)</publisher>
		<info name="usage" value="Requires FM-77AV40SX"/>

		<part name="flop1" interface="floppy_5_25">
			<dataarea name="flop" size="701360">
				<rom name="fb34l21.d77" size="701360" crc="308a3195" sha1="b42905c7a3150588573cc8fb67c161eda9b552f6" offset="0"/>
			</dataarea>
		</part>
	</software>

	<software name="fmgeii">
		<description>FM Graphic Editor II V1.0</description>
		<year>1986</year>
		<publisher>富士通 (Fujitsu)</publisher>
		<info name="serial" value="B273D080"/>
		<info name="alt_title" value="FMグラフィックエディタII V1.0"/>
		<info name="usage" value="Requires FM77AV40"/>
		<part name="flop1" interface="floppy_5_25">
			<dataarea name="flop" size="701360">
				<rom name="fmge2.d77" size="701360" crc="6902a90b" sha1="4cd0513553407633de4b40db9a989fd77add0b50" offset="0"/>
			</dataarea>
		</part>
	</software>

	<software name="fmse">
		<description>FM Sound Editor V1.0</description>
		<year>1985</year>
		<publisher>富士通 (Fujitsu)</publisher>
		<info name="serial" value="B273D030"/>
		<info name="release" value="198511xx"/>
		<info name="alt_title" value="FMサウンドエディタ V1.0"/>
		<part name="flop1" interface="floppy_5_25">
			<dataarea name="flop" size="348848">
				<rom name="fm sound editor v1.0 (1985)(fujitsu)(jp).d77" size="348848" crc="4d5603c1" sha1="3d8a6c1d98891e7a5b87e06077ad9979f5e9f5a0" offset="0"/>
			</dataarea>
		</part>
	</software>

	<!-- boots into F-BASIC ok, but trying to access the disk gives Device I/O Error -->
	<software name="fukuall" supported="partial">
		<description>Team AB Music Disk</description>
		<year>2002</year>
		<publisher>&lt;Unknown&gt;</publisher>
		<part name="flop1" interface="floppy_5_25">
			<dataarea name="flop" size="348848">
				<rom name="fukuall1.d77" size="348848" crc="aa46fccc" sha1="3b202f79548f2df1920bc5619f5e6d04ee5be944" offset="0"/>
			</dataarea>
		</part>
		<part name="flop2" interface="floppy_5_25">
			<dataarea name="flop" size="348848">
				<rom name="fukuall2.d77" size="348848" crc="1f6eb1dd" sha1="c4dfee579089438fd0e11b0c62e1b7b74778d0c3" offset="0"/>
			</dataarea>
		</part>
	</software>

	<software name="tfm">
		<description>The File Master FM</description>
		<year>1986</year>
		<publisher>Kyoto Media</publisher>
		<!--combined image (with hfe1->8)-->
		<!--rom name="tfm-hfe.d77" size="3488480" crc="1d635297" sha1="ba40c6bc4d51bf33a657b53b7bae201c95d2769b" offset="0" /-->

		<part name="flop1" interface="floppy_5_25">
			<dataarea name="flop" size="348848">
				<rom name="tfm_fm.d77" size="348848" crc="fe47e70b" sha1="bef8b87030af1af1b1231a35e4f8a49e771e1066" offset="0"/>
			</dataarea>
		</part>
	</software>

	<software name="hfe8" cloneof="hfe">
		<description>The File Master FM - Hot File Express (19870210)</description>
		<year>1987</year>
		<publisher>Kyoto Media</publisher>
		<part name="disk" interface="floppy_5_25">
			<dataarea name="flop" size="348848">
				<rom name="hfe87210 (a).d77" size="348848" crc="1adb0fae" sha1="c6d25f73a7e14bfa7993d429528758aa801a6f9b" offset="0"/>
			</dataarea>
		</part>
	</software>

	<software name="hfe8a" cloneof="hfe">
		<description>The File Master FM - Hot File Express (19870210, Alt?)</description>
		<year>1987</year>
		<publisher>Kyoto Media</publisher>
		<part name="flop1" interface="floppy_5_25">
			<dataarea name="flop" size="348848">
				<rom name="hfe87210.d77" size="348848" crc="6aea2a87" sha1="356395a77ac148cfb301c89c36ffa98219b0b196" offset="0"/>
			</dataarea>
		</part>
	</software>

	<software name="hfe7" cloneof="hfe">
		<description>The File Master FM - Hot File Express (19870316)</description>
		<year>1987</year>
		<publisher>Kyoto Media</publisher>
		<part name="flop1" interface="floppy_5_25">
			<dataarea name="flop" size="348848">
				<rom name="hfe870316.d77" size="348848" crc="27e3b455" sha1="95a23a4107226f35cd6cdbcff21af754233b5a54" offset="0"/>
			</dataarea>
		</part>
	</software>

	<software name="hfe6" cloneof="hfe">
		<description>The File Master FM - Hot File Express (19871220)</description>
		<year>1987</year>
		<publisher>Kyoto Media</publisher>
		<part name="flop1" interface="floppy_5_25">
			<dataarea name="flop" size="348848">
				<rom name="hfe871220.d77" size="348848" crc="33890fa7" sha1="a7c8f927b5c8ece84652f7f25e7305999785f89c" offset="0"/>
			</dataarea>
		</part>
	</software>

	<software name="hfe5" cloneof="hfe">
		<description>The File Master FM - Hot File Express (19880430)</description>
		<year>1988</year>
		<publisher>Kyoto Media</publisher>
		<part name="flop1" interface="floppy_5_25">
			<dataarea name="flop" size="348848">
				<rom name="hfe880430.d77" size="348848" crc="58b46f67" sha1="ae06db1c2c5ab40266f321e3c1510db5f4fdd439" offset="0"/>
			</dataarea>
		</part>
	</software>

	<software name="hfe4" cloneof="hfe">
		<description>The File Master FM - Hot File Express (19880711)</description>
		<year>1988</year>
		<publisher>Kyoto Media</publisher>
		<part name="flop1" interface="floppy_5_25">
			<dataarea name="flop" size="348848">
				<rom name="hfe880711.d77" size="348848" crc="2e604ba1" sha1="752b13324ea4f5f8447b1300ab6ede1cd662aa0c" offset="0"/>
			</dataarea>
		</part>
	</software>

	<software name="hfe3" cloneof="hfe">
		<description>The File Master FM - Hot File Express (19880821)</description>
		<year>1988</year>
		<publisher>Kyoto Media</publisher>
		<part name="flop1" interface="floppy_5_25">
			<dataarea name="flop" size="348848">
				<rom name="hfe880821.d77" size="348848" crc="946e85d1" sha1="24cf5f2a27e4968a67b4ad003816384b0e45a34a" offset="0"/>
			</dataarea>
		</part>
	</software>

	<software name="hfe2" cloneof="hfe">
		<description>The File Master FM - Hot File Express (19890119)</description>
		<year>1989</year>
		<publisher>Kyoto Media</publisher>
		<part name="flop1" interface="floppy_5_25">
			<dataarea name="flop" size="348848">
				<rom name="hfe890119.d77" size="348848" crc="db6c9a2c" sha1="b1744959b5c300f2b2ca44ca738dffde9bba7b9d" offset="0"/>
			</dataarea>
		</part>
	</software>

	<software name="hfe1" cloneof="hfe">
		<description>The File Master FM - Hot File Express (19890121)</description>
		<year>1989</year>
		<publisher>Kyoto Media</publisher>
		<part name="flop1" interface="floppy_5_25">
			<dataarea name="flop" size="348848">
				<rom name="hfe890121.d77" size="348848" crc="bd4f390b" sha1="a83b8f2809fe74fe5531407574f6d6993ad0af9b" offset="0"/>
			</dataarea>
		</part>
	</software>

	<software name="hfe">
		<description>The File Master FM - Hot File Express (19890901)</description>
		<year>1989</year>
		<publisher>Kyoto Media</publisher>
		<part name="flop1" interface="floppy_5_25">
			<dataarea name="flop" size="348848">
				<rom name="hfe890901.d77" size="348848" crc="f00a22c6" sha1="45446deac50199da3baa23f40a2f00620e887dc7" offset="0"/>
			</dataarea>
		</part>
	</software>

</softwarelist>
