<?xml version="1.0"?>
<!DOCTYPE softwarelist SYSTEM "softwarelist.dtd">
<!--
license:CC0-1.0
-->
<softwarelist name="m5_flop" description="Sord M5 diskettes">

	<software name="bb">
		<description>Booting diskette for CP/M.[Brno mod]</description>
		<year>1989</year>
		<publisher>&lt;unknown&gt;</publisher>
		<part name="flop1" interface="floppy_3_5">
			<dataarea name="flop" size="860416">
				<rom name="brno_boot_cpm.dsk" size="860416" crc="9484f399" sha1="efd1e664d5f4b80a7d49078cc80d187f72f4bc2f"/>
			</dataarea>
		</part>
	</software>

</softwarelist>
