<?xml version="1.0"?>
<!DOCTYPE softwarelist SYSTEM "softwarelist.dtd">
<!--
license:CC0-1.0

Partial list of released carts: https://service.mattel.com/us/results.aspx?Nty=1&Ntt=pixter&Ntx=mode%2bmatchany&N=0&No=0&Ntk=All&showall=true

Entries are sorted by serial number.
-->
<softwarelist name="pixter_cart" description="Mattel Pixter cartridges">

	<software name="alphafo" supported="no">
		<description>Alphabet Forest</description>
		<year>2004</year>
		<publisher>Fisher-Price</publisher>
		<info name="serial" value="B2001"/>
		<part name="cart" interface="pixter_cart">
			<dataarea name="rom" size="0x400000" width="32" endianness="little">
				<rom name="cs2.bin" size="0x400000" crc="0cde5364" sha1="05fa5f439204e5205fdf561d081714a626bc29b5"/>
			</dataarea>
		</part>
	</software>

	<software name="clifford" supported="no">
		<description>Clifford - The Big Red Dog</description>
		<year>2004</year>
		<publisher>Fisher-Price</publisher>
		<info name="serial" value="B2003"/>
		<part name="cart" interface="pixter_cart">
			<dataarea name="rom" size="0x400000" width="32" endianness="little">
				<rom name="cs2.bin" size="0x400000" crc="c4819349" sha1="65e8120ef7b3fc3c5aefe7e009d4864bafaee90a"/>
			</dataarea>
		</part>
	</software>

	<software name="spongema" supported="no">
		<description>SpongeBob SquarePants - Math Adventure</description>
		<year>2004</year>
		<publisher>Fisher-Price</publisher>
		<info name="serial" value="B2005"/>
		<part name="cart" interface="pixter_cart">
			<dataarea name="rom" size="0x400000" width="32" endianness="little">
				<rom name="cs2.bin" size="0x400000" crc="e5f06785" sha1="b02ece2e79eabfedb8928ce41f08a6767f05f8a3"/>
			</dataarea>
		</part>
	</software>

	<software name="mazespg" supported="no">
		<description>Mazes, Puzzles &amp; Games</description>
		<year>2004</year>
		<publisher>Fisher-Price</publisher>
		<info name="serial" value="B8515"/>
		<part name="cart" interface="pixter_cart">
			<dataarea name="rom" size="0x200000" width="32" endianness="little">
				<rom name="cs2.bin" size="0x200000" crc="679d06c1" sha1="a65458d041e01d99fecf9f69527e9316c843a8ef"/>
			</dataarea>
		</part>
	</software>

	<software name="cyberch" supported="no">
		<description>Cyberchase</description>
		<year>200?</year>
		<publisher>Fisher-Price</publisher>
		<info name="serial" value="C7309"/>
		<part name="cart" interface="pixter_cart">
			<dataarea name="rom" size="0x400000" width="32" endianness="little">
				<rom name="cs2.bin" size="0x400000" crc="e23ff6f3" sha1="38873874c8dd50d22789fe8fc0219daca0eda0cc"/>
			</dataarea>
		</part>
	</software>

</softwarelist>
